[
    {
        "id": 1,
        "question": "In Deutschland dürfen Menschen offen etwas gegen die Regierung sagen, weil …",
        "choices": [
            "hier Religionsfreiheit gilt.",
            "die Menschen Steuern zahlen.",
            "die Menschen das Wahlrecht haben.",
            "hier Meinungsfreiheit gilt."
        ],
        "correct": 4
    },
    {
        "id": 2,
        "question": "In Deutschland können Eltern bis zum 14. Lebensjahr ihres Kindes entscheiden, ob es in der Schule am …",
        "choices": [
            "Geschichtsunterricht teilnimmt.",
            "Religionsunterricht teilnimmt.",
            "Politikunterricht teilnimmt.",
            "Sprachunterricht teilnimmt."
        ],
        "correct": 2
    },
    {
        "id": 3,
        "question": "Deutschland ist ein Rechtsstaat. Was ist damit gemeint?",
        "choices": [
            "Alle Einwohner/Einwohnerinnen und der Staat müssen sich an die Gesetze halten.",
            "Der Staat muss sich nicht an die Gesetze halten.",
            "Nur Deutsche müssen die Gesetze befolgen.",
            "Die Gerichte machen die Gesetze."
        ],
        "correct": 1
    },
    {
        "id": 4,
        "question": "Welches Recht gehört zu den Grundrechten in Deutschland?",
        "choices": [
            "Waffenbesitz",
            "Faustrecht",
            "Meinungsfreiheit",
            "Selbstjustiz"
        ],
        "correct": 3
    },
    {
        "id": 5,
        "question": "Wahlen in Deutschland sind frei. Was bedeutet das?",
        "choices": [
            "Man darf Geld annehmen, wenn man dafür einen bestimmten Kandidaten / eine bestimmte Kandidatin wählt. ",
            "Nur Personen, die noch nie im Gefängnis waren, dürfen wählen. ",
            "Der Wähler darf bei der Wahl weder beeinflusst noch zu einer bestimmten Stimmabgabe gezwungen werden und keine Nachteile durch die Wahl haben.",
            "Alle wahlberechtigten Personen müssen wählen."
        ],
        "correct": 3
    },
    {
        "id": 308,
        "Bundesland": "Bayern",
        "question": "Welches Stadt ist Bayern",
        "image": "src/assets/img/f.png",
        "choices": [
            "1",
            "2",
            "3",
            "4"
        ],
        "correct": 4
    }
]



